Name, Median Time, Min Time, Max Time, Median Frame Index, Min Frame Index, Max Frame Index, Min Depth, Max Depth, Total Time, Mean Time, Time Lower Quartile, Time Upper Quartile, Count Total, Count Median, Count Min, Count Max, Number of frames containing Marker, First Frame Index, Time Min Individual, Time Max Individual, Min Individual Frame, Max Individual Frame, Time at Median Frame
PlayerLoop,27.04297,12.73609,29.91974,547,525,333,1,1,7477.4716758728,21.54891,14.04391,27.75802,347,1,1,1,347,218,12.73609,29.91974,525,333,27.04297
PostLateUpdate.PlayerSendFrameStarted,23.79401,9.673438,26.42463,338,378,333,2,2,6368.01923179626,18.35164,10.6963,24.70208,347,1,1,1,347,218,9.673438,26.42463,378,333,24.5238
FrameEvents.XRBeginFrame,23.77016,9.650677,26.40698,338,378,333,3,3,6360.41432476044,18.32972,10.67922,24.67833,347,1,1,1,347,218,9.650677,26.40698,378,333,24.5013
Gfx.WaitForRenderThread,23.65328,9.545468,26.30464,278,378,333,4,4,6317.32913208008,18.20556,10.56083,24.5524,347,1,1,1,347,218,9.545468,26.30464,378,333,24.38474
Semaphore.WaitForSignal,23.73104,9.576042,26.33182,440,378,333,1,11,6330.68950946632,18.24406,10.61438,24.59891,1109,3,1,10,347,218,5.2E-05,26.30234,220,333,24.38286
PostLateUpdate.FinishFrameRendering,1.229063,1.045729,1.805364,236,477,543,2,2,434.410830259323,1.251904,1.183333,1.304011,347,1,1,1,347,218,1.045729,1.805364,477,543,1.245677
UnityEngine.CoreModule.dll!UnityEngine.Rendering::RenderPipelineManager.DoRenderLoop_Internal(),1.127291,0.943282,1.659167,427,553,543,3,3,398.277390658855,1.147774,1.085104,1.197083,347,1,1,1,347,218,0.943282,1.659167,553,543,1.135937
Inl_Render Camera,0.416667,0.327448,0.706979,358,320,221,4,4,149.482132077217,0.4307843,0.39625,0.449063,347,1,1,1,347,218,0.327448,0.706979,320,221,0.415364
Render Camera,0.343854,0.254167,0.6729169,412,553,498,4,5,120.872427079914,0.3483355,0.317968,0.369114,1041,3,3,3,347,218,0.000104,0.657344,229,498,0.308906
Update.ScriptRunBehaviourUpdate,0.255469,0.185156,0.439375,287,501,308,2,2,91.2126511186361,0.2628607,0.242187,0.277813,347,1,1,1,347,218,0.185156,0.439375,501,308,0.269323
BehaviourUpdate,0.254427,0.184115,0.437709,287,501,308,3,3,90.7603182643652,0.2615571,0.240782,0.276354,347,1,1,1,347,218,0.184115,0.437709,501,308,0.266614
RenderLoop.ScheduleDraw,0.275313,0.177294,0.8945841,246,553,498,6,7,98.7530773075996,0.284591,0.242238,0.305884,1735,5,5,5,347,218,0.000312,0.447188,269,498,0.262865
EarlyUpdate.XRUpdate,0.169323,0.117656,0.27177,326,237,377,2,2,59.5573412179947,0.171635,0.159531,0.18,347,1,1,1,347,218,0.117656,0.27177,237,377,0.212031
PostLateUpdate.ProfilerEndFrame,0.233386,0.174115,0.368802,452,533,517,2,2,82.8663169443607,0.2388078,0.221875,0.248594,347,1,1,1,347,218,0.174115,0.368802,533,517,0.17651
Profiler.CollectGlobalStats,0.230625,0.171615,0.365677,442,533,517,3,3,81.8316699564457,0.2358261,0.219062,0.245781,347,1,1,1,347,218,0.171615,0.365677,533,517,0.174635
Render Opaques,0.182865,0.121145,0.502813,530,553,498,5,6,65.2955199902353,0.1881715,0.165105,0.200469,1041,3,3,3,347,218,0.000312,0.501354,234,498,0.17198
Oculus.VR.dll!::OVRManager.Update(),0.166198,0.120677,0.313802,300,501,308,4,4,59.2726537808776,0.1708146,0.156719,0.180573,347,1,1,1,347,218,0.120677,0.313802,501,308,0.164271
CullScriptable,0.160989,0.116094,0.385938,524,496,266,5,5,59.7792679518461,0.1722745,0.148385,0.179114,347,1,1,1,347,218,0.116094,0.385938,496,266,0.149844
Profiler.CollectMemoryAllocationStats,0.178073,0.131459,0.293646,506,533,517,4,4,63.1789581179619,0.1820719,0.168906,0.188334,347,1,1,1,347,218,0.131459,0.293646,533,517,0.137292
RenderLoop.Draw,0.085625,0.057188,0.178802,254,462,537,8,8,29.8300499618053,0.08596556,0.073802,0.095938,347,1,1,1,347,218,0.057188,0.178802,462,537,0.077657
PostLateUpdate.UpdateAllRenderers,0.067708,0.041302,0.330416,242,492,301,2,2,26.3876120485365,0.07604499,0.058594,0.081042,347,1,1,1,347,218,0.041302,0.330416,492,301,0.073177
UpdateRendererBoundingVolumes,0.057292,0.03395801,0.317396,445,280,301,3,8,22.5641360249101,0.06502633,0.048957,0.068646,4685,14,13,14,347,218,5.2E-05,0.315729,218,301,0.068646
CullResults.CreateSharedRendererScene,0.058802,0.037135,0.200156,424,496,511,6,6,20.9549000263214,0.06038876,0.054063,0.064739,347,1,1,1,347,218,0.037135,0.200156,496,511,0.064323
WaitForJobGroupID,0.076301,0.03427,0.3582301,418,477,301,4,10,31.9596379872091,0.09210271,0.06,0.097032,2250,6,2,12,347,218,0.000208,0.295885,320,498,0.051718
SceneCulling,0.063698,0.041719,0.291562,530,317,454,6,6,25.3366770595312,0.07301636,0.055781,0.07385501,347,1,1,1,347,218,0.041719,0.291562,317,454,0.047083
Unity.RenderPipelines.Core.Runtime.dll!UnityEngine.Rendering::DebugUpdater.Update(),0.038177,0.028542,0.069844,278,501,518,4,4,13.3945739977062,0.03860108,0.035781,0.040312,347,1,1,1,347,218,0.028542,0.069844,501,518,0.04349
RenderLoopNewBatcher.Draw,0.043593,0.030521,0.111302,280,346,266,8,8,12.6761279981583,0.04559758,0.04099,0.047292,278,1,1,1,278,218,0.030521,0.111302,346,266,0.041771
CoroutinesDelayedCalls,0.032813,0.024532,0.05849,548,477,271,3,4,11.548922969494,0.0332822,0.030625,0.034948,1763,5,4,6,347,218,0.000416,0.050729,559,392,0.038332
StdRender.ApplyShader,0.040781,0.024532,0.073697,554,485,334,9,9,14.1349889894482,0.04073484,0.032083,0.048074,2350,7,5,8,347,218,0.002761,0.037136,397,237,0.036147
Update.ScriptRunDelayedDynamicFrameRate,0.025469,0.018697,0.051146,230,501,392,2,2,9.02744699269533,0.0260157,0.02375,0.027344,347,1,1,1,347,218,0.018697,0.051146,501,392,0.033333
ExtractRenderNodeQueue,0.027395,0.017761,0.050052,316,342,240,8,8,9.70239196717739,0.02812288,0.025104,0.030208,345,1,1,1,345,218,0.017761,0.050052,342,240,0.031875
UnityEngine.CoreModule.dll!UnityEngine.Experimental.Rendering::ScriptableRuntimeReflectionSystemWrapper.Internal_ScriptableRuntimeReflectionSystemWrapper_TickRealtimeProbes(),0.01875,0.007396,0.059479,259,268,467,3,3,7.06187998130918,0.02035124,0.017188,0.021875,347,1,1,1,347,218,0.007396,0.059479,268,467,0.029167
Assembly-CSharp.dll!::MotionReplayer.Update(),0.023177,0.007968999,0.080209,228,564,430,4,4,8.88015401177108,0.02559122,0.021302,0.026302,347,1,1,1,347,218,0.007968999,0.080209,564,430,0.025938
PreLateUpdate.ScriptRunBehaviourLateUpdate,0.019218,0.013854,0.064584,351,561,558,2,2,6.88235700596124,0.01983388,0.018073,0.020625,347,1,1,1,347,218,0.013854,0.064584,561,558,0.023854
LateBehaviourUpdate,0.018594,0.013646,0.063854,277,561,558,3,3,6.68219599686563,0.01925705,0.017604,0.019948,347,1,1,1,347,218,0.013646,0.063854,561,558,0.022917
ReflectionProbes.Update,0.014844,0.004167,0.055572,545,396,467,4,4,5.68911299481988,0.01639514,0.013542,0.017969,347,1,1,1,347,218,0.004167,0.055572,396,467,0.022708
SRPBRender.ApplyShader,0.022552,0.015416,0.073021,509,439,255,9,9,6.55656500160694,0.02358477,0.020573,0.024531,278,1,1,1,278,218,0.015416,0.073021,439,255,0.02224
Inl_Render Opaques,0.01776,0.013386,0.04,377,400,497,5,5,6.25270301289856,0.01801932,0.016771,0.018854,347,1,1,1,347,218,0.013386,0.04,400,497,0.020416
Oculus.VR.dll!::OVRManager.LateUpdate(),0.016146,0.011823,0.060625,521,561,558,4,4,5.79673699382693,0.01670529,0.015156,0.017344,347,1,1,1,347,218,0.011823,0.060625,561,558,0.020208
Camera.RenderSkybox,0.021615,0.014583,0.08552101,313,472,455,5,5,7.82473701797426,0.02254967,0.020052,0.023698,347,1,1,1,347,218,0.014583,0.08552101,472,455,0.020156
PrepareSceneNodes,0.01776,0.013907,0.048958,310,562,266,7,7,6.9987940043211,0.02016944,0.016354,0.021354,347,1,1,1,347,218,0.013907,0.048958,562,266,0.01974
Initialization.XREarlyUpdate,0.020156,0.012552,0.05,560,477,366,2,2,7.22379300650209,0.02081785,0.018542,0.022135,347,1,1,1,347,218,0.012552,0.05,477,366,0.018802
InputProcess,0.012865,0.009114,0.039532,539,510,393,2,2,4.63947800250025,0.01337025,0.011719,0.014167,694,2,2,2,347,218,0.000521,0.033282,258,364,0.017188
PostLateUpdate.UpdateCustomRenderTextures,0.01802,0.006823,0.055157,374,499,391,2,2,6.11135100061074,0.01761196,0.016511,0.019427,347,1,1,1,347,218,0.006823,0.055157,499,391,0.016927
PostLateUpdate.UpdateResolution,0.018698,0.012552,0.06651,368,329,265,2,2,6.66249399073422,0.01920027,0.016875,0.020312,347,1,1,1,347,218,0.012552,0.06651,329,265,0.015625
CustomRenderTextures.Update,0.016302,0.005261,0.053177,469,441,391,3,3,5.46084399241954,0.0157373,0.014792,0.017552,347,1,1,1,347,218,0.005261,0.053177,441,391,0.014843
PostLateUpdate.UpdateAudio,0.016719,0.011354,0.03776,258,524,531,2,2,6.00312100443989,0.01730006,0.015313,0.018177,347,1,1,1,347,218,0.011354,0.03776,524,531,0.014479
Update.ScriptRunDelayedTasks,0.01474,0.010521,0.089427,562,501,462,2,2,5.31641598418355,0.01532108,0.013542,0.01599,347,1,1,1,347,218,0.010521,0.089427,501,462,0.014219
PrepareSceneCullingParameters,0.01375,0.009895001,0.028594,520,496,268,6,6,4.82227000501007,0.01389703,0.012812,0.014844,347,1,1,1,347,218,0.009895001,0.028594,496,268,0.013437
EarlyUpdate.UpdateInputManager,0.011875,0.008333,0.046719,458,502,318,2,2,4.24655800592154,0.01223792,0.010833,0.012916,347,1,1,1,347,218,0.008333,0.046719,502,318,0.013385
EarlyUpdate.PollPlayerConnection,0.006666,0.003386,0.625886,254,427,376,2,2,18.4599928250536,0.05319883,0.005729,0.007761,347,1,1,1,347,218,0.003386,0.625886,427,376,0.013281
SRPBatcher.Flush,0.014271,0.008333,0.060886,345,346,266,9,9,4.06323700398207,0.01461596,0.012812,0.015729,278,1,1,1,278,218,0.008333,0.060886,346,266,0.013073
Assembly-CSharp.dll!::TeleportInputHandlerTouch.TeleportReadyCoroutine() [Coroutine: MoveNext],0.009063,0.006093,0.024844,253,501,392,4,4,3.25077000213787,0.009368213,0.008229,0.009948,347,1,1,1,347,218,0.006093,0.024844,501,392,0.013021
UnityEngine.CoreModule.dll!UnityEngine::UnitySynchronizationContext.ExecuteTasks(),0.013698,0.009739,0.087031,271,242,462,3,3,4.8882760014385,0.01408725,0.0125,0.014792,347,1,1,1,347,218,0.009739,0.087031,242,462,0.012969
Profiler.CollectAudioStats,0.016354,0.011718,0.053125,442,392,251,4,4,5.94958298001438,0.01714577,0.015105,0.017396,694,2,2,2,347,218,0.002656,0.048229,394,251,0.01276
PlayerConnection.Poll,0.005625,0.002604,0.62401,489,427,376,3,3,18.0256110269111,0.05194701,0.004791,0.006511,347,1,1,1,347,218,0.002604,0.62401,427,376,0.012604
CullSendEvents,0.028281,0.00724,0.239636,356,516,454,7,7,12.4443269674666,0.03586261,0.014636,0.038958,347,1,1,1,347,218,0.00724,0.239636,516,454,0.012292
BatchRenderer.Flush,0.011564,0.006821,0.110261,306,508,537,9,9,4.27752398554003,0.01232716,0.010258,0.01271,2350,7,5,8,347,218,0.000468,0.098386,297,537,0.012082
FrameEvents.NewInputBeforeRenderUpdate,0.010469,0.006407,0.030105,522,270,259,3,3,3.82890400290489,0.01103431,0.009167,0.011823,347,1,1,1,347,218,0.006407,0.030105,270,259,0.011771
Inl_Render Transparents,0.010052,0.008021,0.021042,560,262,519,5,5,3.60295900609344,0.01038317,0.009323,0.011094,347,1,1,1,347,218,0.008021,0.021042,262,519,0.011666
FindMainCamera,0.009530999,0.006822,0.016615,455,510,415,4,5,3.33688298705965,0.009616378,0.008698,0.010313,694,2,2,2,347,218,0.002917,0.011198,431,415,0.011198
PreUpdate.NewInputUpdate,0.005468,0.002448,0.016719,302,426,308,2,2,2.03796600131318,0.005873101,0.004062,0.006666,347,1,1,1,347,218,0.002448,0.016719,426,308,0.011042
PreLateUpdate.ParticleSystemBeginUpdateAll,0.008229,0.005625,0.041406,443,383,283,2,2,3.00238700397313,0.008652412,0.0075,0.009271,347,1,1,1,347,218,0.005625,0.041406,383,283,0.010989
UIEvents.IMGUIRenderOverlays,0.010209,0.006614,0.02875,358,485,513,3,3,3.63338299933821,0.01047084,0.009167,0.011094,347,1,1,1,347,218,0.006614,0.02875,485,513,0.010729
Initialization.PlayerUpdateTime,0.010365,0.006771,0.062396,554,540,350,2,2,3.76183200348169,0.01084101,0.009427,0.011406,347,1,1,1,347,218,0.006771,0.062396,540,350,0.010573
ParticleSystem.Update,0.007656,0.005261,0.040937,519,383,283,3,3,2.79973499802873,0.0080684,0.006979,0.008593,347,1,1,1,347,218,0.005261,0.040937,383,283,0.010364
RenderLoop.CleanupNodeQueue,0.009845001,0.007758,0.01495,474,562,406,4,6,3.47520701520261,0.01001501,0.009374,0.010519,5899,17,17,17,347,218,0.000208,0.007395,230,402,0.009637
AudioManager.Update,0.011458,0.007605,0.03276,398,350,531,3,3,4.09697900293395,0.01180686,0.010209,0.012708,347,1,1,1,347,218,0.007605,0.03276,350,531,0.009583
RenderTexture.SetActive,0.009583999,0.00651,0.048073,520,431,278,3,6,4.06543599074939,0.01171595,0.008384001,0.012292,1388,4,4,4,347,218,0.000312,0.032344,242,278,0.009479
GUI.Repaint,0.008333,0.005573,0.024115,409,485,345,4,4,2.96765900263563,0.008552331,0.007552,0.009114999,347,1,1,1,347,218,0.005573,0.024115,485,345,0.009167
Oculus.VR.dll!::OVRSystemPerfMetricsTcpServer.Update(),0.009687999,0.006823,0.040156,271,403,558,4,4,3.51510899746791,0.01013,0.008854,0.010625,347,1,1,1,347,218,0.006823,0.040156,403,558,0.009063
PrepareUpdateRendererBoundingVolumes,0.009322999,0.006615,0.034115,413,496,489,3,8,3.3349509917025,0.009610809,0.008541,0.010209,1388,4,4,4,347,218,0.000312,0.030885,276,489,0.008907
DestroyCullResults,0.009167,0.006459,0.02651,419,496,406,3,3,3.26843599788845,0.009419124,0.008437,0.01,347,1,1,1,347,218,0.006459,0.02651,496,406,0.007761
PreUpdate.AIUpdate,0.005104,0.003229,0.065469,427,310,399,2,2,1.85634300555103,0.005349691,0.004427,0.005781,347,1,1,1,347,218,0.003229,0.065469,310,399,0.007552
PostLateUpdate.PlayerSendFrameComplete,0.007343,0.004844,0.037761,402,460,450,2,2,2.66947499895468,0.007693011,0.006562,0.008177,347,1,1,1,347,218,0.004844,0.037761,460,450,0.0075
Material.SetPassFast,0.00875,0.005677,0.051198,532,443,229,6,6,3.19983500987291,0.009221426,0.007761,0.010104,347,1,1,1,347,218,0.005677,0.051198,443,229,0.007292
FrameEvents.OnBeforeRenderCallback,0.007343,0.004688,0.021302,447,524,276,3,3,2.64624000480399,0.007626052,0.006562,0.008125,347,1,1,1,347,218,0.004688,0.021302,524,276,0.007135
PlayerEndOfFrame,0.00698,0.004583,0.037239,355,460,450,3,3,2.52943200618029,0.007289429,0.006198,0.007812,347,1,1,1,347,218,0.004583,0.037239,460,450,0.007135
Set RenderTarget,0.00573,0.004115,0.050313,396,456,423,5,5,2.23974399641156,0.006454594,0.005157,0.006406,347,1,1,1,347,218,0.004115,0.050313,456,423,0.006562
EarlyUpdate.PlayerCleanupCachedData,0.005938,0.003542,0.049843,311,434,347,2,2,2.13687899988145,0.006158153,0.005209,0.006615,347,1,1,1,347,218,0.003542,0.049843,434,347,0.006302
Profiler.SerializeStats,0.009583999,0.00625,0.021354,430,547,522,4,4,3.43458798667416,0.009897948,0.008854,0.010573,347,1,1,1,347,218,0.00625,0.021354,547,522,0.00625
Cleanup Unused Cached Data,0.005677,0.003282,0.049375,219,434,347,3,3,2.03151100524701,0.005854499,0.004948,0.006354,347,1,1,1,347,218,0.003282,0.049375,434,347,0.006042
PlayerCleanupCachedData,0.005469,0.003178,0.049271,439,434,347,4,4,1.9807759935502,0.005708288,0.004843,0.006198,347,1,1,1,347,218,0.003178,0.049271,434,347,0.005938
EarlyUpdate.UpdatePreloading,0.005417,0.003593,0.011667,474,341,411,2,2,1.9066199993249,0.005494582,0.004844,0.005938,347,1,1,1,347,218,0.003593,0.011667,341,411,0.005781
UnityEngine.CoreModule.dll!UnityEngine::Application.InvokeOnBeforeRender(),0.005729,0.003645,0.017292,274,435,276,4,4,2.08551900577731,0.006010141,0.005104,0.00651,347,1,1,1,347,218,0.003645,0.017292,435,276,0.005729
AudioProfiler.CaptureFrame,0.006667,0.00474,0.041354,254,435,248,5,5,2.44369300454855,0.007042343,0.006041,0.007396,347,1,1,1,347,218,0.00474,0.041354,435,248,0.005625
PostLateUpdate.MemoryFrameMaintenance,0.006302,0.004063,0.031875,549,447,557,2,2,2.29646501038224,0.006618055,0.005729,0.007031,347,1,1,1,347,218,0.004063,0.031875,447,557,0.005573
UnityEngine.InputModule.dll!UnityEngineInternal.Input::NativeInputSystem.ShouldRunUpdate(),0.00677,0.004323,0.052136,426,489,355,3,4,2.44037598351133,0.007032784,0.00599,0.007551,1069,3,2,4,347,218,0.000365,0.04724,447,355,0.005573
Render Transparents,0.005051,0.003905,0.042292,484,489,374,5,6,1.84779099297884,0.005325046,0.004635,0.005314,1041,3,3,3,347,218,0.000104,0.02526,317,511,0.005573
Loading.UpdatePreloading,0.005052,0.003282,0.011407,451,314,411,3,3,1.78937499597669,0.0051567,0.004531,0.005625,347,1,1,1,347,218,0.003282,0.011407,314,411,0.005521
PostLateUpdate.PlayerUpdateCanvases,0.00599,0.00401,0.046718,455,287,425,2,2,2.1777069978416,0.006275813,0.005364,0.006615,347,1,1,1,347,218,0.00401,0.046718,287,425,0.005416
PostLateUpdate.PresentAfterDraw,0.004792,0.003072,0.03526,224,329,327,2,2,1.82510100095533,0.005259657,0.004219,0.005417,347,1,1,1,347,218,0.003072,0.03526,329,327,0.005156
LOD.ComputeLOD,0.004375,0.002812,0.007761,471,496,460,7,8,1.56963898750837,0.004523455,0.003907,0.005,694,2,2,2,347,218,0.000364,0.006458,358,460,0.005
FinalizeUpdateRendererBoundingVolumes,0.004583,0.003436,0.009584,459,456,220,3,8,1.6227539950778,0.004676525,0.004218,0.004999,1388,4,4,4,347,218,0.000104,0.005104,357,450,0.00474
UpdatePreloading,0.004062,0.002604,0.010729,255,341,411,4,4,1.44312598952092,0.004158865,0.003645,0.004532,347,1,1,1,347,218,0.002604,0.010729,341,411,0.004635
Update.DirectorUpdate,0.001458,0.00099,0.008802,364,250,484,2,2,0.648538990528323,0.001868988,0.001302,0.001771,347,1,1,1,347,218,0.00099,0.008802,250,484,0.004479
UnityEngine.IMGUIModule.dll!UnityEngine::Event.Internal_MakeMasterEventCurrent(),0.003958,0.002552,0.010417,404,485,513,5,5,1.42683198931627,0.004111908,0.003542,0.004479,347,1,1,1,347,218,0.002552,0.010417,485,513,0.004479
UIEvents.WillRenderCanvases,0.004479,0.002969,0.042292,399,287,425,3,3,1.65463598491624,0.004768403,0.004011,0.005052,347,1,1,1,347,218,0.002969,0.042292,287,425,0.004219
Initialization.DirectorSampleTime,0.004844,0.002708,0.028229,469,556,415,2,2,1.79187399684452,0.005163902,0.004219,0.005521,347,1,1,1,347,218,0.002708,0.028229,556,415,0.004115
Profiler.CollectPhysicsStats,0.004635,0.002969,0.01073,326,394,266,4,4,1.6690629881341,0.00480998,0.004167,0.005364,347,1,1,1,347,218,0.002969,0.01073,394,266,0.004062
EndGraphicsJobs,0.004634999,0.003124,0.009531001,416,407,437,3,4,1.64165299377055,0.004730988,0.004063,0.005208,1388,4,4,4,347,218,5.2E-05,0.009062001,231,437,0.004009
Profiler.CollectDrawStats,0.004583,0.003125,0.028073,543,320,269,4,4,1.70114899263717,0.004902447,0.004063,0.005208,347,1,1,1,347,218,0.003125,0.028073,320,269,0.003959
Director.SampleTime,0.004323,0.002396,0.020105,530,556,466,3,3,1.54338598903269,0.004447798,0.003698,0.004896,347,1,1,1,347,218,0.002396,0.020105,556,466,0.003854
afterCullingOutputReady.Invoke,0.003229,0.002031,0.009114999,492,397,345,8,8,1.21074199699797,0.00348917,0.002813,0.003698,347,1,1,1,347,218,0.002031,0.009114999,397,345,0.003854
Set Camera Data,0.003125,0.001927,0.035157,520,480,248,5,5,1.72224199422635,0.004963234,0.002605,0.004219,694,2,2,2,347,218,0.000364,0.03474,295,248,0.003803
PostLateUpdate.ScriptRunDelayedDynamicFrameRate,0.003594,0.001458,0.030677,430,273,271,2,2,1.32490199839231,0.003818161,0.002968,0.004323,347,1,1,1,347,218,0.001458,0.030677,273,271,0.003802
Graphics.PresentAndSync,0.003698,0.002396,0.033958,379,363,327,3,3,1.42620799061842,0.00411011,0.003229,0.004219,347,1,1,1,347,218,0.002396,0.033958,363,327,0.003802
PreLateUpdate.EndGraphicsJobsAfterScriptUpdate,0.004635,0.003073,0.009375,402,407,437,2,2,1.6535419865977,0.004765251,0.004114,0.00526,347,1,1,1,347,218,0.003073,0.009375,407,437,0.00375
UGUI.Rendering.UpdateBatches,0.003906,0.002552,0.041771,286,287,425,4,4,1.45285999192856,0.004186917,0.00349,0.004375,347,1,1,1,347,218,0.002552,0.041771,287,425,0.003646
Device.Present,0.003125,0.001927,0.033437,494,439,327,4,4,1.2155829956755,0.003503121,0.002709,0.003542,347,1,1,1,347,218,0.001927,0.033437,439,327,0.003385
Application.Integrate Assets in Background,0.003178,0.002031,0.010312,460,341,411,5,5,1.13506199722178,0.003271072,0.002761,0.003542,347,1,1,1,347,218,0.002031,0.010312,341,411,0.003385
PreUpdate.Physics2DUpdate,0.00151,0.000885,0.005677,287,304,377,2,2,0.60916099260794,0.001755507,0.001198,0.001979,347,1,1,1,347,218,0.000885,0.005677,304,377,0.003334
UnityEngine.AIModule.dll!UnityEngine.AI::NavMesh.Internal_CallOnNavMeshPreUpdate(),0.001927,0.001146,0.00401,401,310,280,3,3,0.696029993821867,0.00200585,0.001615,0.002291,347,1,1,1,347,218,0.001146,0.00401,310,280,0.003333
PreUpdate.WindUpdate,0.002553,0.001563,0.006927,295,439,531,2,2,0.941362998564728,0.002712862,0.00224,0.003021,347,1,1,1,347,218,0.001563,0.006927,439,531,0.003281
PostLateUpdate.PlayerEmitCanvasGeometry,0.003802,0.002605,0.007864,352,379,421,2,2,1.3808749911841,0.003979467,0.003385,0.004375,347,1,1,1,347,218,0.002605,0.007864,379,421,0.003229
GarbageCollector.CollectIncremental,0.003073,0.001719,0.024375,417,437,306,3,3,1.11620399681851,0.003216726,0.002708,0.003542,347,1,1,1,347,218,0.001719,0.024375,437,306,0.003177
PreUpdate.PhysicsUpdate,0.001197,0.000573,0.006302,309,291,476,2,2,0.462765996169765,0.00133362,0.000885,0.001511,347,1,1,1,347,218,0.000573,0.006302,291,476,0.003125
RenderTexture.GarbageCollectTemporary,0.002813,0.001406,0.046823,539,442,347,5,5,1.06396500195842,0.003066182,0.002396,0.003333,347,1,1,1,347,218,0.001406,0.046823,442,347,0.003125
Director.PrepareFrame,0.003437,0.002187,0.042761,352,379,236,3,3,1.28527099794155,0.003703951,0.003074,0.003958,2485,7,5,9,347,218,5.2E-05,0.037708,225,236,0.003074
PostLateUpdate.DirectorLateUpdate,0.003386,0.001771,0.028385,415,524,253,2,2,1.24088699556887,0.003576043,0.002864,0.003958,347,1,1,1,347,218,0.001771,0.028385,524,253,0.003073
PreUpdate.UpdateVideo,0.002656,0.001407,0.033177,427,446,459,2,2,0.992201996850781,0.002859372,0.002344,0.003073,347,1,1,1,347,218,0.001407,0.033177,446,459,0.003021
PrepareSceneNodesCombineJob,0.00349,0.002396,0.046198,551,318,504,9,9,0.774221997475252,0.004398989,0.002969,0.004219,176,1,1,1,176,220,0.002396,0.046198,318,504,0.002917
PreLateUpdate.ConstraintManagerUpdate,0.001927,0.001198,0.004323,387,501,437,2,2,0.693315991316922,0.001998029,0.001615,0.00224,347,1,1,1,347,218,0.001198,0.004323,501,437,0.002761
Gfx.EndAsyncJobFrame,0.002969,0.001927,0.008125,403,301,437,4,4,1.08102899510413,0.003115357,0.002552,0.003489,347,1,1,1,347,218,0.001927,0.008125,301,437,0.00276
Render.Mesh,0.002761,0.001563,0.037708,370,508,278,10,10,1.10259099765972,0.003177496,0.002397,0.003229,2350,7,5,8,347,218,0.000104,0.036302,218,278,0.002708
FrameEvents.XREndFrame,0.00224,0.00125,0.008386,335,300,237,4,4,0.835521996370517,0.002407844,0.001875,0.00276,347,1,1,1,347,218,0.00125,0.008386,300,237,0.002656
MeshRendererPrepareDispatchUpdate,0.002916,0.001719,0.007605,244,470,290,4,9,1.04887599423819,0.003022697,0.0025,0.003385,1041,3,3,3,347,218,0.000156,0.006823,447,290,0.002655
PostLateUpdate.ProfilerSynchronizeStats,0.003073,0.001771,0.026355,394,384,548,2,2,1.13558499526698,0.003272579,0.002708,0.003438,347,1,1,1,347,218,0.001771,0.026355,384,548,0.002604
Profiler.CollectPhysics2DStats,0.003541,0.002188,0.025208,442,537,260,4,4,1.27374999620952,0.003670749,0.003073,0.003959,347,1,1,1,347,218,0.002188,0.025208,537,260,0.002448
ReflectionProbeAnchorManagerUpdate,0.002188,0.001406,0.016823,279,270,242,6,7,0.800679992331425,0.002307435,0.001928,0.0025,694,2,2,2,347,218,0.000261,0.016458,244,242,0.002448
SkinnedMeshPrepareDispatchUpdate,0.002188,0.001302,0.028385,424,477,489,4,9,0.831768995602033,0.002397029,0.001927,0.002552,1041,3,3,3,347,218,0.000156,0.027916,240,489,0.002448
PostLateUpdate.UpdateLightProbeProxyVolumes,0.003125,0.002031,0.020104,374,379,281,2,2,1.16662299470045,0.003362026,0.00276,0.003646,347,1,1,1,347,218,0.002031,0.020104,379,281,0.002396
UnityEngine.CoreModule.dll!UnityEngine.Rendering::SupportedRenderingFeatures.IsUIOverlayRenderedBySRP(),0.002656,0.001666,0.006719,268,325,496,3,3,0.95530599495396,0.002753043,0.002292,0.003021,347,1,1,1,347,218,0.001666,0.006719,325,496,0.002395
PostLateUpdate.EnlightenRuntimeUpdate,0.002917,0.001771,0.00698,229,268,309,2,2,1.05730799771845,0.003046997,0.002552,0.003333,347,1,1,1,347,218,0.001771,0.00698,268,309,0.002292
WaitForRenderJobs,0.002344,0.001355,0.007656,303,468,437,5,5,0.853190994006582,0.002458764,0.001979,0.002761,347,1,1,1,347,218,0.001355,0.007656,468,437,0.002292
Physics.Interpolation,0.00198,0.000469,0.004271,458,222,334,3,3,0.712551992328372,0.002053464,0.001563,0.002448,647,2,1,2,347,218,0.000312,0.003646,258,334,0.002291
UnityEngine.CoreModule.dll!UnityEngine.Rendering::OnDemandRendering.GetRenderFrameInterval(),0.002552,0.001458,0.007292,294,238,318,2,2,0.89324099465739,0.002574182,0.002084,0.002865,347,1,1,1,347,218,0.001458,0.007292,238,318,0.00224
PostLateUpdate.UpdateRectTransform,0.002084,0.001041,0.009114,315,527,290,2,2,0.780150993494317,0.002248274,0.001771,0.002552,347,1,1,1,347,218,0.001041,0.009114,527,290,0.00224
GC.Alloc,0.00203,0.0008319999,0.008074,366,564,220,5,5,0.730180002494308,0.002104265,0.001772,0.00224,2426,7,4,7,347,218,5.2E-05,0.006407,234,220,0.002238
EndDynamicVBOFrame,0.001979,0.001146,0.032448,487,266,327,5,5,0.766311994404532,0.002208392,0.001667,0.002343,347,1,1,1,347,218,0.001146,0.032448,266,327,0.002188
PostLateUpdate.GUIClearEvents,0.001198,0.000625,0.0225,518,510,273,2,2,0.472656995232683,0.001362124,0.00099,0.001459,347,1,1,1,347,218,0.000625,0.0225,510,273,0.002188
EarlyUpdate.DispatchEventQueueEvents,0.002136,0.001302,0.005729,295,473,231,2,2,0.752615997917019,0.002168922,0.00177,0.002448,347,1,1,1,347,218,0.001302,0.005729,473,231,0.002187
Assembly-CSharp.dll!::LocomotionTeleport.ReadyStateCoroutine() [Coroutine: MoveNext],0.001511,0.0009890001,0.004115,286,333,255,4,4,0.552508990396746,0.001592245,0.001302,0.001771,347,1,1,1,347,218,0.0009890001,0.004115,333,255,0.002135
EarlyUpdate.ProcessMouseInWindow,0.001198,0.000677,0.004479,433,459,407,2,2,0.453690995578654,0.001307467,0.00099,0.001459,347,1,1,1,347,218,0.000677,0.004479,459,407,0.002031
UGUI.Rendering.EmitWorldScreenspaceCameraGeometry,0.002188,0.001406,0.005261,563,333,421,4,4,0.802652987098554,0.002313121,0.001875,0.002604,694,2,2,2,347,218,0.000417,0.00349,350,378,0.001979
SoundManager.Update,0.001562,0.0009890001,0.003594,389,279,503,3,3,0.576608991948888,0.001661697,0.001302,0.001875,347,1,1,1,347,218,0.0009890001,0.003594,279,503,0.001927
CullResultsToNativeArrays,0.00177,0.001041,0.002969,387,361,503,6,6,0.617447991273366,0.001779389,0.001458,0.002031,347,1,1,1,347,218,0.001041,0.002969,361,503,0.001927
Renderers.OncePerFrameUpdate,0.002135,0.001302,0.007031,357,513,420,3,3,0.793490993673913,0.002286718,0.001823,0.002552,347,1,1,1,347,218,0.001302,0.007031,513,420,0.001823
PostLateUpdate.ParticleSystemEndUpdateAll,0.001459,0.000729,0.005729,311,512,371,2,2,0.556570993969217,0.001603951,0.001198,0.001771,347,1,1,1,347,218,0.000729,0.005729,512,371,0.001771
PostLateUpdate.ShaderHandleErrors,0.001042,0.000521,0.002291,469,516,439,2,2,0.381986995576881,0.001100827,0.000885,0.00125,347,1,1,1,347,218,0.000521,0.002291,516,439,0.001771
Physics2D.InterpolatePoses,0.000521,0.000208,0.002604,397,338,377,3,3,0.224114999407902,0.0006458646,0.000365,0.000781,347,1,1,1,347,218,0.000208,0.002604,338,377,0.001771
PostLateUpdate.UpdateAllSkinnedMeshes,0.001875,0.001042,0.022917,393,503,329,2,2,0.727585992193781,0.00209679,0.001563,0.002292,347,1,1,1,347,218,0.001042,0.022917,503,329,0.001719
LightProbeProxyVolumeManager.Update,0.002136,0.001406,0.007552,443,379,544,3,3,0.817299994290806,0.002355331,0.001927,0.002604,347,1,1,1,347,218,0.001406,0.007552,379,544,0.001719
PreUpdate.IMGUISendQueuedEvents,0.001667,0.000833,0.003854,323,294,421,2,2,0.607764992339071,0.001751484,0.001406,0.002032,347,1,1,1,347,218,0.000833,0.003854,294,421,0.001719
EarlyUpdate.ScriptRunDelayedStartupFrame,0.002552,0.00125,0.006563,510,514,319,2,2,0.902706994209439,0.002601461,0.002136,0.002916,347,1,1,1,347,218,0.00125,0.006563,514,319,0.001667
UnityEngine.UIModule.dll!UnityEngine::Canvas.SendWillRenderCanvases(),0.001875,0.001198,0.005313,503,287,315,5,5,0.688801993732341,0.00198502,0.001615,0.002187,347,1,1,1,347,218,0.001198,0.005313,287,315,0.001667
PostLateUpdate.ProcessWebSendMessages,0.001875,0.001146,0.045782,293,287,339,2,2,0.730526991770603,0.002105265,0.001666,0.002239,347,1,1,1,347,218,0.001146,0.045782,287,339,0.001666
GlobalEventQueue,0.001354,0.000781,0.003333,552,422,231,3,3,0.4817079945351,0.001388207,0.001094,0.001614,347,1,1,1,347,218,0.000781,0.003333,422,231,0.001563
UnityEngine.InputModule.dll!UnityEngineInternal.Input::NativeInputSystem.NotifyBeforeUpdate(),0.00198,0.001146,0.00375,483,298,499,3,4,0.71110099699581,0.002049282,0.001666,0.002344,1069,3,2,4,347,218,0.000156,0.002917,233,499,0.001511
UnityEngine.InputModule.dll!UnityEngineInternal.Input::NativeInputSystem.NotifyUpdate(),0.002135,0.001198,0.00448,527,489,309,3,4,0.770585994046996,0.002220709,0.001875,0.002499,1069,3,2,4,347,218,0.000156,0.002292,233,405,0.001511
Initialization.AsyncUploadTimeSlicedUpdate,0.001614,0.000781,0.025104,410,561,506,2,2,0.626042990130372,0.001804158,0.001355,0.001927,347,1,1,1,347,218,0.000781,0.025104,561,506,0.00151
EarlyUpdate.UpdateTextureStreamingManager,0.001614,0.0009890001,0.003958,439,225,407,2,2,0.585144991637208,0.001686297,0.001354,0.001927,347,1,1,1,347,218,0.0009890001,0.003958,225,407,0.001459
UIEvents.CanvasmanagerEmitOnScreenGeometry,0.001615,0.001042,0.004115,372,268,301,3,3,0.600137990550138,0.001729504,0.001406,0.001927,347,1,1,1,347,218,0.001042,0.004115,268,301,0.001458
UIEvents.CanvasManagerRenderOverlays,0.001667,0.001042,0.021146,413,247,378,3,3,0.634633993264288,0.001828916,0.001458,0.001979,347,1,1,1,347,218,0.001042,0.021146,247,378,0.001458
PreLateUpdate.DirectorUpdateAnimationBegin,0.000729,0.000469,0.038541,315,386,236,2,2,0.308809996291529,0.0008899423,0.000625,0.000886,347,1,1,1,347,218,0.000469,0.038541,386,236,0.001458
EarlyUpdate.UnityWebRequestUpdate,0.000833,0.000469,0.002969,543,223,409,2,2,0.320108998566866,0.0009225043,0.000678,0.001042,347,1,1,1,347,218,0.000469,0.002969,223,409,0.001458
PostLateUpdate.TriggerEndOfFrameCallbacks,0.001406,0.000729,0.020416,225,292,387,2,2,0.529690993891563,0.001526487,0.001198,0.001718,347,1,1,1,347,218,0.000729,0.020416,292,387,0.001407
JobAlloc.Grow,0.001302,0.000625,0.003697,239,397,390,4,7,0.344120994966943,0.001387585,0.001093,0.001563,248,1,1,1,248,218,0.000625,0.003697,397,390,0.001406
Profiler.CollectVideoStats,0.001719,0.000781,0.020313,435,308,462,4,4,0.641828991298098,0.001849651,0.001458,0.002083,347,1,1,1,347,218,0.000781,0.020313,308,462,0.001406
PostLateUpdate.UpdateVideo,0.001406,0.000781,0.004583,530,306,421,2,2,0.516134992765728,0.001487421,0.001197,0.001667,347,1,1,1,347,218,0.000781,0.004583,306,421,0.001355
SkinnedMeshFinalizeUpdate,0.001094,0.000729,0.002812,296,361,428,4,9,0.405454000996542,0.001168455,0.000937,0.001303,1041,3,3,3,347,218,0.000104,0.002552,220,428,0.001354
Camera.Render,0.000833,0.00052,0.01151,313,246,416,3,3,0.323905996978283,0.0009334467,0.000677,0.001042,347,1,1,1,347,218,0.00052,0.01151,246,416,0.001354
Director.ProcessFrame,0.001719,0.0008329999,0.00474,404,512,501,3,3,0.613058002047183,0.001766738,0.001457,0.002031,2485,7,5,9,347,218,5.2E-05,0.003646,218,501,0.001301
PreLateUpdate.DirectorDeferredEvaluate,0.000781,0.000416,0.005313,353,344,454,2,2,0.291296997544123,0.0008394726,0.000625,0.0009890001,347,1,1,1,347,218,0.000416,0.005313,344,454,0.00125
PreLateUpdate.AIUpdatePostScript,0.001355,0.000885,0.003958,394,303,476,2,2,0.506189992011059,0.001458761,0.001146,0.001615,347,1,1,1,347,218,0.000885,0.003958,303,476,0.001094
PostLateUpdate.SortingGroupsUpdate,0.00099,0.000521,0.005781,238,537,427,2,2,0.378903995850123,0.001091942,0.000833,0.00125,347,1,1,1,347,218,0.000521,0.005781,537,427,0.001094
ParticleSystem.EndUpdateAll,0.000937,0.000416,0.003906,373,254,371,3,3,0.354489996039774,0.001021585,0.000729,0.001198,347,1,1,1,347,218,0.000416,0.003906,254,371,0.001094
Preload Single Step,0.000886,0.000572,0.002083,293,348,486,6,6,0.333586995780934,0.0009613458,0.000729,0.001094,347,1,1,1,347,218,0.000572,0.002083,348,486,0.001093
UIEvents.CanvasManagerEmitOffScreenGeometry,0.00125,0.000781,0.003802,241,320,483,3,3,0.467860993288923,0.001348303,0.001093,0.00151,347,1,1,1,347,218,0.000781,0.003802,320,483,0.001041
ConstraintManager::Update,0.000885,0.000573,0.002031,436,326,292,3,3,0.328657995734829,0.0009471412,0.000729,0.001094,347,1,1,1,347,218,0.000573,0.002031,326,292,0.00099
PreLateUpdate.LegacyAnimationUpdate,0.000312,0.000156,0.00224,517,268,269,2,2,0.134435001047677,0.0003874208,0.00026,0.000468,347,1,1,1,347,218,0.000156,0.00224,268,269,0.00099
Profiler.CollectGIStats,0.001459,0.000885,0.003541,287,550,489,4,4,0.53499999147607,0.001541787,0.001198,0.001771,347,1,1,1,347,218,0.000885,0.003541,550,489,0.0009890001
CleanUp.TextRenderingGarbageCollect,0.0009890001,0.000572,0.002135,261,434,509,5,5,0.355501996527892,0.001024501,0.000782,0.001198,347,1,1,1,347,218,0.000572,0.002135,434,509,0.000938
EarlyUpdate.RendererNotifyInvisible,0.00099,0.000417,0.008229,331,494,294,2,2,0.449116996722296,0.001294285,0.000833,0.001354,347,1,1,1,347,218,0.000417,0.008229,494,294,0.000937
PostLateUpdate.DirectorRenderImage,0.001093,0.000677,0.003125,532,476,301,2,2,0.392279998457525,0.00113049,0.000938,0.00125,347,1,1,1,347,218,0.000677,0.003125,476,301,0.000937
UGUI.Rendering.RenderOverlays,0.001042,0.000625,0.02052,494,235,378,4,4,0.417225995508488,0.00120238,0.000886,0.001302,347,1,1,1,347,218,0.000625,0.02052,235,378,0.000886
suspendPointHook.Invoke,0.000885,0.000364,0.00401,333,340,411,6,6,0.325159998348681,0.0009370605,0.000677,0.001093,347,1,1,1,347,218,0.000364,0.00401,340,411,0.000886
Terrain.Trees.OnWillRender,0.000625,0.000416,0.001719,525,342,239,9,9,0.245267998892814,0.0007068242,0.000521,0.000833,347,1,1,1,347,218,0.000416,0.001719,342,239,0.000885
Profiler.CollectTextureUsageStats,0.000937,0.000365,0.0025,443,363,346,5,5,0.342336997448001,0.000986562,0.000729,0.001146,347,1,1,1,347,218,0.000365,0.0025,363,346,0.000834
PostLateUpdate.UpdateCanvasRectTransform,0.000573,0.000312,0.002083,496,254,548,2,2,0.225782999128569,0.0006506715,0.000469,0.000781,347,1,1,1,347,218,0.000312,0.002083,254,548,0.000833
EarlyUpdate.ARCoreUpdate,0.000729,0.000416,0.002343,482,474,319,2,2,0.27296899780049,0.0007866542,0.000573,0.000886,347,1,1,1,347,218,0.000416,0.002343,474,319,0.000833
PostLateUpdate.UpdateVideoTextures,0.001041,0.000729,0.002656,224,258,262,2,2,0.383537996327505,0.001105297,0.000886,0.00125,347,1,1,1,347,218,0.000729,0.002656,258,262,0.000833
Assembly-CSharp.dll!::TeleportInputHandlerTouch.TeleportReadyCoroutine() [Coroutine: System.Collections.IEnumerator.get_Current],0.000625,0.000468,0.001719,539,295,405,4,4,0.24364699886064,0.0007021527,0.000521,0.000782,347,1,1,1,347,218,0.000468,0.001719,295,405,0.000781
Setup Light Constants,0.000677,0.000417,0.018229,467,308,384,5,5,0.278490997501649,0.0008025677,0.000625,0.000833,347,1,1,1,347,218,0.000417,0.018229,308,384,0.000781
MeshRendererFinalizeUpdate,0.000885,0.00052,0.002238,359,231,515,4,9,0.311583004069689,0.0008979337,0.000728,0.001041,1041,3,3,3,347,218,0.000104,0.001458,220,515,0.00073
PostLateUpdate.PlayerSendFramePostPresent,0.0009890001,0.000521,0.013178,259,436,270,2,2,0.373228997399565,0.001075588,0.000833,0.001146,347,1,1,1,347,218,0.000521,0.013178,436,270,0.000729
EarlyUpdate.SpriteAtlasManagerUpdate,0.000573,0.000312,0.030417,362,248,291,2,2,0.244102998607559,0.0007034669,0.000469,0.000729,347,1,1,1,347,218,0.000312,0.030417,248,291,0.000729
EarlyUpdate.ExecuteMainThreadJobs,0.000781,0.000468,0.002917,435,242,407,2,2,0.29407099756645,0.0008474669,0.000625,0.00099,347,1,1,1,347,218,0.000468,0.002917,242,407,0.000729
PostLateUpdate.EndGraphicsJobsAfterScriptLateUpdate,0.000521,0.00026,0.002083,415,252,423,2,2,0.206605000363197,0.0005954035,0.000468,0.000677,347,1,1,1,347,218,0.00026,0.002083,252,423,0.000729
CombineJobResults,0.001562,0.000312,0.051668,381,328,535,4,10,0.611823004754115,0.001763179,0.001301,0.001927,1804,5,1,9,347,218,5.2E-05,0.050625,227,535,0.000677
NavMeshManager,0.000938,0.000625,0.003125,439,383,476,3,3,0.362809996295255,0.001045562,0.000782,0.001198,347,1,1,1,347,218,0.000625,0.003125,383,476,0.000677
PostLateUpdate.InputEndFrame,0.001094,0.000677,0.008020001,271,296,281,2,2,0.407589995651506,0.001174611,0.000937,0.001354,347,1,1,1,347,218,0.000677,0.008020001,296,281,0.000677
ParticleSystem.WaitForPreviousRenderingToFinish,0.000469,0.00026,0.001771,376,370,267,4,4,0.180411000328604,0.0005199164,0.000365,0.000625,347,1,1,1,347,218,0.00026,0.001771,370,267,0.000625
PreUpdate.SendMouseEvents,0.000677,0.000416,0.002187,367,261,279,2,2,0.25724199868273,0.0007413314,0.000572,0.000885,347,1,1,1,347,218,0.000416,0.002187,261,279,0.000625
SkinnedMeshOncePerFrameUpdate,0.000625,0.000364,0.002656,344,469,420,4,4,0.235412998707034,0.0006784236,0.000469,0.000781,347,1,1,1,347,218,0.000364,0.002656,469,420,0.000573
TextureStreamingManager.Update,0.000469,0.00026,0.001406,353,258,407,3,3,0.185258000303293,0.0005338847,0.000416,0.000625,347,1,1,1,347,218,0.00026,0.001406,258,407,0.000573
SortingGroupManager.Update,0.000417,0.000156,0.004635,382,254,427,3,3,0.169897000771016,0.0004896167,0.000313,0.000573,347,1,1,1,347,218,0.000156,0.004635,254,427,0.000573
PostLateUpdate.BatchModeUpdate,0.000573,0.000156,0.021823,434,297,408,2,2,0.229699000148685,0.0006619568,0.000417,0.000729,347,1,1,1,347,218,0.000156,0.021823,297,408,0.000572
EarlyUpdate.UpdateAsyncReadbackManager,0.000677,0.000416,0.003229,415,270,534,2,2,0.259171998914098,0.0007468933,0.000521,0.000834,347,1,1,1,347,218,0.000416,0.003229,270,534,0.000521
Assembly-CSharp.dll!::LocomotionTeleport.ReadyStateCoroutine() [Coroutine: System.Collections.IEnumerator.get_Current],0.000417,0.000208,0.002708,516,477,507,4,4,0.168752000739914,0.000486317,0.000365,0.000572,347,1,1,1,347,218,0.000208,0.002708,477,507,0.000469
PreLateUpdate.DirectorUpdateAnimationEnd,0.000677,0.000417,0.001614,255,287,423,2,2,0.253350997256348,0.0007301181,0.000573,0.000833,347,1,1,1,347,218,0.000417,0.001614,287,423,0.000468
ReflectionProbeAnchorPositionUpdate,0.000261,0.000104,0.001458,282,219,337,7,8,0.105879001312132,0.0003051268,0.000208,0.000365,694,2,2,2,347,218,5.2E-05,0.000834,218,494,0.000417
ConstraintManager::Update::JobSetup,0.000313,0.000156,0.001042,415,445,454,4,4,0.129895001256955,0.0003743372,0.00026,0.000417,347,1,1,1,347,218,0.000156,0.001042,445,454,0.000416
Profiler.CollectUICanvasStats,0.000573,0.00026,0.004011,490,252,494,4,4,0.231878999533365,0.0006682392,0.000469,0.000781,347,1,1,1,347,218,0.00026,0.004011,252,494,0.000365
SoundManager.UpdateChannels,0.000312,0.000156,0.001198,366,419,503,4,4,0.118634001380997,0.0003418847,0.00026,0.000365,347,1,1,1,347,218,0.000156,0.001198,419,503,0.000364
TransformChangedDispatch,0.071041,0.000104,0.21604,464,442,495,3,7,23.6072400130906,0.06803239,0.056093,0.087343,2340,7,2,14,347,218,5.2E-05,0.124687,229,495,0.000364
ScheduleCullingGroups,0.000469,0.000312,0.001146,422,250,378,6,6,0.177560001116944,0.0005117003,0.000365,0.000573,347,1,1,1,347,218,0.000312,0.001146,250,378,0.000364
WatermarkRender,0.000364,0.000208,0.001146,241,253,395,3,3,0.130737001629313,0.0003767637,0.000261,0.000417,347,1,1,1,347,218,0.000208,0.001146,253,395,0.000313
PostLateUpdate.ClearImmediateRenderers,0.000365,0.000208,0.005,261,271,402,2,2,0.14750500068476,0.0004250864,0.000312,0.000469,347,1,1,1,347,218,0.000208,0.005,271,402,0.000312
PostLateUpdate.ResetInputAxis,0.000261,0.000104,0.012135,533,455,428,2,2,0.122503001060977,0.0003530346,0.000209,0.000365,347,1,1,1,347,218,0.000104,0.012135,455,428,0.000312
Update Lights,0.000364,0.000208,0.027396,218,264,420,3,3,0.167700001009507,0.0004832853,0.000312,0.000468,347,1,1,1,347,218,0.000208,0.027396,264,420,0.000312
PrepareSceneNodesSetUp,0.001042,5.2E-05,0.004324,289,330,244,9,9,0.274769999497948,0.001154496,0.000208,0.001877,1058,4,1,7,238,219,5.2E-05,0.002865,220,244,0.000261
FrameEvents.XRPostPresent,0.000364,0.000157,0.001458,259,268,510,3,3,0.13358100145706,0.0003849597,0.00026,0.000469,347,1,1,1,347,218,0.000157,0.001458,268,510,0.000261
UIEvents.AlignCanvasRectTransformWithCamera,0.000209,0.000156,0.001042,377,219,543,3,3,0.0982840010547079,0.0002832392,0.000208,0.000313,347,1,1,1,347,218,0.000156,0.001042,219,543,0.000261
PreUpdate.CheckTexFieldInput,0.000312,5.2E-05,0.002239,462,290,537,2,2,0.118909000993881,0.0003426772,0.000157,0.000417,347,1,1,1,347,218,5.2E-05,0.002239,290,537,0.000261
EarlyUpdate.UpdateCanvasRectTransform,0.000104,5.2E-05,0.001302,424,236,411,2,2,0.0582280001872277,0.000167804,0.000104,0.000157,347,1,1,1,347,218,5.2E-05,0.001302,236,411,0.000156
EarlyUpdate.GpuTimestamp,0.000156,0.000104,0.000625,461,220,381,2,2,0.0469300010518054,0.000135245,0.000104,0.000156,347,1,1,1,347,218,0.000104,0.000625,220,381,0.000156
Particles.Sync,0.000104,5.2E-05,0.000886,455,221,259,3,3,0.0454720002162503,0.0001310432,5.2E-05,0.000156,347,1,1,1,347,218,5.2E-05,0.000886,221,259,0.000104
EarlyUpdate.PhysicsResetInterpolatedTransformPosition,0.002135,0.000104,0.005,298,222,450,2,2,0.70535899540846,0.002032735,0.001666,0.002552,347,1,1,1,347,218,0.000104,0.005,222,450,0.000104
EarlyUpdate.ResetFrameStatsAfterPresent,0.000104,5.2E-05,0.000677,480,236,341,2,2,0.0459979999686766,0.0001325591,0.000104,0.000105,347,1,1,1,347,218,5.2E-05,0.000677,236,341,0.000104
EarlyUpdate.PresentBeforeUpdate,0.000156,0.000104,0.001198,326,220,471,2,2,0.0528690008140984,0.0001523602,0.000104,0.000157,347,1,1,1,347,218,0.000104,0.001198,220,471,0.000104
CullingGroupSendEvents,0.000104,5.2E-05,0.000573,424,221,556,6,6,0.0360910000017611,0.0001040086,5.2E-05,0.000104,347,1,1,1,347,218,5.2E-05,0.000573,221,556,0.000104
EarlyUpdate.ClearLines,5.2E-05,5.2E-05,0.000469,562,218,500,2,2,0.0279609998651722,8.057925E-05,5.2E-05,0.000104,347,1,1,1,347,218,5.2E-05,0.000469,218,500,5.2E-05
PhysX.PxsDynamics.createForceChangeThresholdStream,0.001355,0.000364,0.023229,230,406,401,4,4,0.356668995766086,0.002764876,0.000938,0.001771,144,1,1,2,129,221,0.000208,0.023229,519,401,0
PhysX.ScScene.postThirdPassIslandGenTask,0.001146,0.000209,0.024635,426,309,531,4,4,0.349004996198346,0.002475213,0.000885,0.001666,152,1,1,2,141,219,0.000209,0.024635,309,531,0
PhysX.ScScene.lostTouchReports,0.00073,0.00026,0.030937,336,376,367,4,4,0.377183999793488,0.001668956,0.000521,0.001146,257,1,1,2,226,219,0.000209,0.030937,333,367,0
PhysX.PxsDynamics.solverStart,0.014948,0.000938,0.05849,366,443,392,4,4,3.35255500633502,0.01588889,0.005469,0.023438,236,1,1,2,211,219,0.000937,0.05849,524,392,0
PhysX.ScScene.postIslandGen,0.001146,0.000312,0.033334,344,511,456,4,4,0.562699998670723,0.003431098,0.000834,0.001979,181,1,1,2,164,219,0.000312,0.033334,242,456,0
PhysX.ScScene.postNarrowPhase,0.002344,0.000572,0.061927,418,524,366,4,4,0.820782001828775,0.006265511,0.001667,0.010625,142,1,1,2,131,219,0.000572,0.061927,524,366,0
PhysX.ScScene.secondPassNarrowPhase,0.001667,0.00052,0.083698,264,311,280,4,4,1.04645299771801,0.007023174,0.00125,0.00901,159,1,1,2,149,219,0.00052,0.083698,311,280,0
CullObjectsWithoutUmbra,0.002084,0.001458,0.003178,355,329,501,10,10,0.2397949983133,0.002199954,0.001875,0.002552,109,1,1,1,109,222,0.001458,0.003178,329,501,0
CullSceneDynamicObjectsCombineJob,0.001041,0.000625,0.002344,229,262,388,9,9,0.120570999628399,0.001106156,0.000833,0.00125,109,1,1,1,109,222,0.000625,0.002344,262,388,0
PhysX.ScScene.postSolver,0.002136,0.000573,0.055261,323,406,387,4,4,0.618391998112202,0.004264772,0.001719,0.0025,160,1,1,2,145,219,0.000573,0.055261,406,387,0
SceneNodesInitJob,0.001302,0.000729,0.002448,502,387,564,9,9,0.14427099772729,0.001361047,0.001146,0.001614,106,1,1,1,106,222,0.000729,0.002448,387,564,0
FixedUpdate.ClearLines,0.00026,5.2E-05,0.001303,485,369,548,2,2,0.0884990012527851,0.0002949967,0.000208,0.000364,375,1,1,2,300,218,5.2E-05,0.001198,223,391,0
FixedUpdate.NewInputFixedUpdate,0.010729,0.006771,0.05401,351,562,355,2,2,3.65494100260548,0.01218314,0.009479,0.014531,375,1,1,2,300,218,0.00375,0.05401,561,355,0
FixedUpdate.DirectorFixedSampleTime,0.000677,0.000209,0.003022,247,516,426,2,2,0.231870000352501,0.0007729,0.000469,0.000938,375,1,1,2,300,218,0.000156,0.002813,309,426,0
FixedUpdate.AudioFixedUpdate,0.011094,0.006354,0.045365,330,481,273,2,2,3.47599000157788,0.01158663,0.009635,0.013126,375,1,1,2,300,218,0.002291,0.036407,329,273,0
AudioManager.FixedUpdate,0.009791001,0.005521,0.042344,437,481,273,3,3,3.05615299963392,0.01018718,0.008385,0.011354,375,1,1,2,300,218,0.001771,0.035313,380,273,0
FixedUpdate.ScriptRunBehaviourFixedUpdate,0.103854,0.067447,0.218177,240,247,277,2,2,33.9959341175854,0.1133198,0.096614,0.131926,375,1,1,2,300,218,0.035053,0.17823,329,392,0
FixedBehaviourUpdate,0.102136,0.066354,0.215625,287,247,277,3,3,33.4699330180883,0.1115664,0.09468801,0.12974,375,1,1,2,300,218,0.034375,0.176927,329,392,0
Oculus.VR.dll!::OVRManager.FixedUpdate(),0.034218,0.021979,0.118333,335,247,277,4,4,12.0984849669039,0.04032828,0.031094,0.051197,375,1,1,2,300,218,0.020208,0.09198,380,378,0
Assembly-CSharp.dll!::SimpleCapsuleWithStickMovement.FixedUpdate(),0.053281,0.033958,0.093229,373,247,456,4,4,16.5194240203127,0.05506475,0.048229,0.060937,375,1,1,2,300,218,0.009375,0.093229,329,456,0
PrepareSceneNodesJob,0.001302,0.000729,0.003281,409,491,499,11,11,0.152912997989915,0.001390118,0.001041,0.001615,110,1,1,1,110,222,0.000729,0.003281,491,499,0
PhysX.ScScene.constraintProjection,0.000989,0.000208,0.019583,331,320,263,4,4,0.380106997676194,0.002421064,0.000729,0.001458,175,1,1,2,157,219,0.000208,0.019583,320,263,0
PhysX.ScScene.afterIntegration,0.004271,0.000781,0.044844,541,256,471,4,4,1.11980099685024,0.007617694,0.003438,0.00625,163,1,1,2,147,219,0.000729,0.044844,331,471,0
PhysX.ScScene.updateCCDMultiPass,0.00224,0.000625,0.055886,321,311,492,4,4,0.953122996899765,0.005295128,0.001771,0.003385,194,1,1,2,180,219,0.000625,0.055886,311,492,0
PhysX.PxsDynamics.solverEnd,0.00125,0.000312,0.025469,408,333,263,4,4,0.522758995182812,0.003681401,0.000937,0.002031,158,1,1,2,142,221,0.000312,0.025469,333,263,0
PhysX.PxsDynamics.solverCreateFinalizeConstraints,0.001823,0.000417,0.045053,264,313,475,4,4,0.717562992620515,0.005199732,0.001406,0.002761,152,1,1,2,138,221,0.000416,0.045053,522,475,0
PhysX.PxsDynamics.solverConstraintPartition,0.001771,0.000416,0.027761,469,443,305,4,4,0.526876999007072,0.003790482,0.001302,0.002552,156,1,1,2,139,221,0.000364,0.026667,256,305,0
PhysX.ScScene.updateDynamics,0.011302,0.001354,0.057812,343,331,475,4,4,1.71764500543941,0.01291462,0.007396,0.019166,146,1,1,2,133,221,0.001354,0.057812,242,475,0
PhysX.ScScene.setEdgesConnectedTask,0.0025,0.000521,0.026041,474,374,460,4,4,0.486609001120087,0.003003759,0.001927,0.002969,178,1,1,2,162,221,0.000521,0.026041,242,460,0
PhysX.ScScene.islandGen,0.002396,0.000781,0.048698,470,311,298,4,4,0.777084998961072,0.005286293,0.001875,0.003594,161,1,1,2,147,221,0.000781,0.048698,242,298,0
PhysX.ScScene.unregisterInteractions,0.000417,0.000104,0.002136,516,428,488,4,4,0.0816590007671039,0.0005040679,0.000365,0.000624,188,1,1,2,162,221,0.000104,0.002136,309,488,0
CullSceneDynamicObjects,0.008125,0.006145,0.012448,371,329,391,9,9,0.902445000596344,0.008279311,0.007239,0.009063,109,1,1,1,109,222,0.006145,0.012448,329,391,0
PhysX.Completion Task,0.000104,5.2E-05,0.000677,515,236,320,4,4,0.0235420000426529,0.000149,0.000104,0.000156,185,1,1,2,158,220,5.2E-05,0.000625,233,320,0
PhysX.PostThirdPassTask,0.000677,0.000156,0.029011,278,428,348,4,4,0.357814999835682,0.00246769,0.000521,0.001093,159,1,1,2,145,220,0.000156,0.029011,428,348,0
PhysX.ScScene.destroyManagers,0.002032,0.000833,0.046145,503,406,499,4,4,1.31316798611078,0.007060043,0.001511,0.004324,216,1,1,2,186,220,0.000833,0.046145,242,499,0
PhysX.ScScene.processNPLostTouchEvents,0.000625,0.000156,0.020208,339,428,479,4,4,0.173956000217004,0.001183374,0.000417,0.000885,165,1,1,2,147,220,0.000156,0.020208,242,479,0
PhysX.PxsDynamics.solverSetupSolve,0.008073,0.00099,0.042865,430,524,495,4,4,1.46656400489155,0.01062728,0.005781,0.015104,153,1,1,2,138,220,0.000938,0.042865,336,495,0
PhysX.ScScene.updateSimulationController,0.000312,0.000104,0.001927,238,311,467,4,4,0.0562590007393737,0.0003653182,0.000209,0.000416,175,1,1,2,154,220,0.000104,0.001927,311,467,0
PhysX.UpdateContinuationTask,0.007761,0.00125,0.048178,270,313,527,4,4,1.75089099281468,0.01151902,0.005156,0.015365,171,1,1,2,152,220,0.001198,0.048178,270,527,0
PhysX.ScScene.updateBodiesAndShapes,0.000625,0.000104,0.026094,413,305,406,4,4,0.24379099986254,0.001875315,0.000364,0.001094,147,1,1,2,130,220,0.000104,0.025833,249,406,0
PhysX.ScScene.rigidBodySolver,0.0025,0.000468,0.042032,253,542,417,4,4,0.853484997962369,0.006010458,0.001927,0.010052,160,1,1,2,142,220,0.000468,0.042032,542,417,0
FixedUpdate.DirectorFixedUpdate,0.003646,0.001927,0.029948,537,301,540,2,2,1.17263599752914,0.003908786,0.003125,0.004375,375,1,1,2,300,218,0.000625,0.029948,550,540,0
PhysX.ScScene.ccdBroadPhase,0.001093,0.000313,0.027916,532,249,311,4,4,0.562813997326884,0.003197807,0.000833,0.001667,193,1,1,2,176,219,0.000313,0.0275,249,311,0
PhysX.ScScene.processLostContact,0.001355,0.000573,0.050365,542,311,414,4,4,0.448282992234454,0.003272139,0.001041,0.001927,152,1,1,2,137,221,0.000573,0.050365,311,414,0
PhysX.ScScene.unblockNarrowPhase,0.000313,0.000105,0.001406,488,264,307,4,4,0.0802100010041613,0.0003748131,0.000208,0.000469,250,1,1,2,214,220,0.000105,0.001198,264,307,0
FixedUpdate.XRFixedUpdate,0.000416,0.000208,0.001199,443,370,275,2,2,0.141155001452717,0.0004705167,0.000312,0.000573,375,1,1,2,300,218,0.000104,0.001094,430,411,0
FixedUpdate.PhysicsFixedUpdate,0.519427,0.371667,1.059583,435,356,260,2,2,165.197231717408,0.5506575,0.462396,0.624792,375,1,1,2,300,218,0.105157,0.826979,511,532,0
PhysX.ScScene.processLostContact2,0.001719,0.000625,0.053594,511,233,528,4,4,1.45000100048492,0.008950624,0.001302,0.012864,186,1,1,2,162,218,0.000573,0.053594,524,528,0
PhysX.ScScene.processLostContact3,0.000886,0.000208,0.020833,393,313,411,4,4,0.218551999714691,0.001144251,0.000729,0.001094,219,1,1,2,191,218,0.000208,0.020833,311,411,0
PhysX.ThirdPassIslandGenTask,0.001875,0.000468,0.024896,268,342,541,4,4,0.714373993279878,0.002626375,0.001198,0.002447,465,2,1,4,272,218,0.00026,0.024011,428,541,0
PhysX.ScScene.afterIntegrationTask,0.010416,0.000677,0.080521,562,406,536,4,4,2.18661700340454,0.01017031,0.002656,0.013646,233,1,1,2,215,218,0.000677,0.080521,331,536,0
PhysX.ScScene.ccdBroadPhaseAABB,0.0009890001,0.000312,0.025573,373,256,434,4,4,0.505728999210987,0.002690048,0.00073,0.001458,207,1,1,2,188,218,0.000312,0.025573,242,434,0
PhysX.ScScene.finalizationPhase,0.001927,0.000521,0.042969,321,378,318,4,4,0.794263000658248,0.004617808,0.001458,0.003021,187,1,1,2,172,218,0.000521,0.042969,378,318,0
PhysX.NpScene.completion,0.002032,0.000833,0.026354,218,270,474,4,4,0.679890994448215,0.003975971,0.001666,0.002812,190,1,1,2,171,218,0.000781,0.026354,273,474,0
Physics.FetchResults,0.036823,0.021771,0.06802201,459,310,537,3,3,11.0329190234188,0.0367764,0.030417,0.042396,375,1,1,2,300,218,0.00375,0.064635,249,220,0
Physics.UpdateBodies,0.010886,0.006823,0.021458,400,345,433,3,3,3.38990000495687,0.01129967,0.009843,0.012395,375,1,1,2,300,218,0.001875,0.021458,343,433,0
Physics.ProcessReports,0.004948,0.002917,0.022865,457,562,279,3,3,1.58566699904623,0.005285557,0.004323,0.00573,375,1,1,2,300,218,0.000937,0.022865,331,279,0
Physics.TriggerEnterExits,0.000312,0.000156,0.001563,483,227,417,4,4,0.100060001172096,0.0003335333,0.000209,0.000416,375,1,1,2,300,218,5.2E-05,0.001563,223,417,0
Physics.TriggerStays,0.000469,0.00026,0.001354,291,299,233,4,4,0.161779001417017,0.0005392634,0.000365,0.000625,375,1,1,2,300,218,5.2E-05,0.001302,273,491,0
Physics.Contacts,0.000365,0.000156,0.001822,278,394,417,4,4,0.128020000876859,0.0004267333,0.000261,0.00047,375,1,1,2,300,218,5.2E-05,0.001822,223,417,0
Physics.JointBreaks,0.001302,0.000782,0.005416,470,296,220,4,4,0.425366994226351,0.00141789,0.001094,0.001614,375,1,1,2,300,218,0.000156,0.005416,233,220,0
Physics.ExecuteDeferredTriggerErase,0.000418,0.00026,0.002865,289,255,220,4,4,0.150581000747479,0.0005019367,0.000364,0.000573,375,1,1,2,300,218,5.2E-05,0.002865,231,220,0
FixedUpdate.Physics2DFixedUpdate,0.006511,0.003697,0.013854,468,401,435,2,2,2.01270100777037,0.006709003,0.005677,0.007447001,375,1,1,2,300,218,0.001198,0.013854,329,435,0
Physics2D.Simulate,0.003802,0.002291,0.009167,335,401,450,3,3,1.1770259924233,0.00392342,0.003229,0.004375,375,1,1,2,300,218,0.000729,0.009167,307,450,0
Physics2D.SyncTransformChanges,0.002136,0.00125,0.004323,432,401,417,4,4,0.664690992096439,0.002215637,0.001719,0.002552,375,1,1,2,300,218,0.000521,0.004323,273,417,0
Physics2D.SyncRigidbodyTransformChanges,0.00073,0.000416,0.002083,459,262,537,5,5,0.241258998139529,0.0008041966,0.000573,0.000938,375,1,1,2,300,218,0.000156,0.00198,387,501,0
Physics2D.SyncColliderTransformChanges,0.000885,0.00052,0.002084,264,479,426,5,5,0.283118997351266,0.00094373,0.000729,0.001094,375,1,1,2,300,218,0.000104,0.002031,223,280,0
FixedUpdate.DirectorFixedUpdatePostPhysics,0.001406,0.000625,0.00375,423,513,324,2,2,0.446613994368818,0.001488713,0.001093,0.001822,375,1,1,2,300,218,0.000625,0.003073,258,324,0
FixedUpdate.ScriptRunDelayedFixedFrameRate,0.001875,0.000885,0.004635,390,463,488,2,2,0.588853992871009,0.001962847,0.001458,0.002291,375,1,1,2,300,218,0.000677,0.003854,289,417,0
RenderLoop.Sort,0.003229,0.002292,0.050104,425,472,277,9,9,0.123228999553248,0.005134542,0.002761,0.003594,24,1,1,1,24,228,0.002292,0.050104,472,277,0
PhysX.ScScene.processNpLostTouchTask,0.000522,0.000104,0.022553,563,247,492,4,4,0.264015001281223,0.001200068,0.000312,0.00099,249,1,1,2,220,218,0.000104,0.022553,247,492,0
FixedUpdate.LegacyFixedAnimationUpdate,0.000885,0.000417,0.002448,493,364,349,2,2,0.27655199795845,0.00092184,0.000677,0.001094,375,1,1,2,300,218,0.000156,0.002448,270,349,0
PhysX.PxsDynamics.preIntegrate,0.005833,0.000521,0.034114,540,313,436,4,4,1.64343699658639,0.009232792,0.003177,0.014271,205,1,1,2,178,218,0.000416,0.034114,320,436,0
PhysX.ScScene.fetchPatchEventsTask,0.00099,0.000364,0.003385,325,336,552,4,4,0.217078998684883,0.001074648,0.000782,0.00125,235,1,1,2,202,218,0.000364,0.003125,242,270,0
Physics.SyncRigidbodyTransform,0.042917,0.028958,0.134323,281,467,495,3,3,13.6180729783518,0.04539357,0.037812,0.048646,375,1,1,2,300,218,0.000208,0.134062,266,495,0
Physics.SyncColliderTransform,0.018803,0.01099,0.078959,324,305,557,3,3,7.02454802042485,0.02341516,0.016302,0.027187,375,1,1,2,300,218,0.000104,0.057552,221,478,0
Physics.Simulate,0.02,0.006719,0.069376,439,558,380,3,3,6.52812600834295,0.02176042,0.015365,0.026302,375,1,1,2,300,218,0.001771,0.040365,374,531,0
Physics.Processing,0.343073,0.227188,0.827031,500,362,260,3,3,109.508753873408,0.3650292,0.297448,0.412239,375,1,1,2,300,218,0.075781,0.649427,488,532,0
PhysX.NpScene.execution,0.014427,0.001042,0.066875,381,256,531,4,4,4.57160200906219,0.01554967,0.007968,0.018854,358,1,1,2,294,218,0.000885,0.066875,511,531,0
PhysX.ScScene.collideStep,0.003229,0.000625,0.044115,424,511,324,4,4,1.64480800076853,0.00635061,0.002396,0.009114999,283,1,1,2,259,218,0.000625,0.026354,511,540,0
PhysX.ScScene.preRigidBodyNarrowPhase,0.004739,0.000781,0.043073,218,378,470,4,4,1.35056600556709,0.007145852,0.003854,0.010365,206,1,1,2,189,218,0.000781,0.043073,378,470,0
PhysX.DirtyShapeUpdatesTask,0.003854,0.000572,0.026197,246,511,330,4,4,1.07463199348422,0.005904572,0.003125,0.004792,196,1,1,2,182,218,0.000521,0.026197,374,330,0
PhysX.ScScene.rigidBodyNarrowPhase,0.00651,0.001041,0.031666,273,428,383,4,4,1.5718680069549,0.008931068,0.005208,0.012084,190,1,1,2,176,218,0.001041,0.031666,428,383,0
PhysX.ScScene.broadPhase,0.003959,0.000573,0.024635,347,522,500,4,4,1.04598799871746,0.006339321,0.003281,0.010469,179,1,1,2,165,218,0.000573,0.024635,347,500,0
PhysX.FinalizeUpdateTask,0.026459,0.006041,0.09125,305,511,277,4,4,4.74317000200972,0.02927883,0.02125,0.037447,177,1,1,2,162,218,0.005729,0.083594,347,277,0
PhysX.ScScene.postBroadPhase,0.002604,0.000521,0.040834,398,331,555,4,4,1.31770200037863,0.00658851,0.002083,0.010313,223,1,1,2,200,218,0.000521,0.040834,242,555,0
PhysX.PostBroadPhaseStage2Task,0.004479,0.001093,0.047187,347,256,266,4,4,1.31620100338478,0.007353078,0.003646,0.011354,197,1,1,2,179,218,0.001041,0.034166,249,266,0
PhysX.AABBManager::postBroadPhaseStage3,0.003802,0.000625,0.032656,318,242,506,4,4,1.02604799543042,0.006493974,0.002916,0.01,174,1,1,2,158,218,0.000625,0.032656,242,506,0
PhysX.ScScene.postBroadPhaseCont,0.001875,0.000468,0.053697,286,311,219,4,4,0.827917989110574,0.005341406,0.001355,0.002708,167,1,1,2,155,218,0.000416,0.053697,522,219,0
PhysX.ScScene.preallocateContactManagers,0.001719,0.000416,0.023646,273,242,564,4,4,0.617916998831788,0.004092166,0.00125,0.002969,162,1,1,2,151,218,0.000416,0.023646,242,564,0
PhysX.ScScene.postBroadPhase2,0.004323,0.001406,0.048959,408,242,435,4,4,1.03119299700484,0.007261923,0.00349,0.005469,157,1,1,2,142,218,0.001354,0.048959,266,435,0
PhysX.ScScene.registerSceneInteractions,0.00073,0.000156,0.023229,303,445,417,4,4,0.153552998264786,0.000914006,0.000573,0.000937,183,1,1,2,168,218,0.000156,0.023229,266,417,0
PhysX.ScScene.registerInteractions,0.000573,0.000156,0.006199,372,242,307,4,4,0.168597000767477,0.0007628824,0.000468,0.000834,255,1,1,2,221,218,0.000156,0.005886,242,307,0
PhysX.ScScene.registerContactManagers,0.001042,0.00026,0.036354,292,428,282,4,4,0.307965999425505,0.001517074,0.000833,0.001405,227,1,1,2,203,218,0.000209,0.036354,537,282,0
PhysX.ScScene.islandInsertion,0.010104,0.000937,0.388333,544,347,532,4,4,3.07124702073634,0.01735168,0.006615,0.02302,203,1,1,2,177,218,0.000781,0.388333,305,532,0
PhysX.ScScene.postBroadPhase3,0.001979,0.00026,0.275521,306,283,534,4,4,3.10035702542518,0.02026377,0.00099,0.01625,164,1,1,2,153,218,0.00026,0.275521,283,534,0
PhysX.ScScene.advanceStep,0.005469,0.00125,0.029896,298,347,467,4,4,1.53926400118507,0.008846344,0.004322,0.013385,188,1,1,2,174,218,0.00125,0.029896,242,467,0
PhysX.ScScene.processLostSolverPatchesTask,0.001146,0.000157,0.017866,373,546,552,4,4,0.2831209966389,0.001422719,0.000886,0.001407,232,1,1,2,199,218,0.000157,0.017657,546,552,0
UnityEngine.XRModule.dll!UnityEngine.XR::InputTracking.InvokeTrackingEvent(),0.003125,0.003125,0.003125,530,530,530,3,3,0.00312500004656613,0.003125,0.003125,0.003125,1,1,1,1,1,530,0.003125,0.003125,530,530,0
